name;age
Gustavo;33
Anne;26
Arthur;6
Sonia;58
Gilvan;66
Carlos;36
José;33
Anderson;26
Pedro;32
Bruno;32
Thiago;32
Gustavo;33
Anne;26
Arthur;6
Sonia;58
Gilvan;66
Carlos;36
José;33
Anderson;26
Pedro;32
Bruno;32
Thiago;32
Gustavo;33
Anne;26
Arthur;6
Sonia;58
Gilvan;66
Carlos;36
José;33
Anderson;26
Pedro;32
Bruno;32
Thiago;32
Gustavo;33
Anne;26
Arthur;6
Sonia;58
Gilvan;66
Carlos;36
José;33
Anderson;26
Pedro;32
Bruno;32
Thiago;32
Gustavo;33
Anne;26
Arthur;6
Sonia;58
Gilvan;66
Carlos;36
José;33
Anderson;26
Pedro;32
Bruno;32
Thiago;32
Gustavo;33
Anne;26
Arthur;6
Sonia;58
Gilvan;66
Carlos;36
José;33
Anderson;26
Pedro;32
Bruno;32
Thiago;32
Gustavo;33
Anne;26
Arthur;6
Sonia;58
Gilvan;66
Carlos;36
José;33
Anderson;26
Pedro;32
Bruno;32
Thiago;32
Gustavo;33
Anne;26
Arthur;6
Sonia;58
Gilvan;66
Carlos;36
José;33
Anderson;26
Pedro;32
Bruno;32
Thiago;32
Gustavo;33
Anne;26
Arthur;6
Sonia;58
Gilvan;66
Carlos;36
José;33
Anderson;26
Pedro;32
Bruno;32
Thiago;32
Gustavo;33
Anne;26
Arthur;6
Sonia;58
Gilvan;66
Carlos;36
José;33
Anderson;26
Pedro;32
Bruno;32
Thiago;32
Gustavo;33
Anne;26
Arthur;6
Sonia;58
Gilvan;66
Carlos;36
José;33
Anderson;26
Pedro;32
Bruno;32
Thiago;32
Gustavo;33
Anne;26
Arthur;6
Sonia;58
Gilvan;66
Carlos;36
José;33
Anderson;26
Pedro;32
Bruno;32
Thiago;32
Gustavo;33
Anne;26
Arthur;6
Sonia;58
Gilvan;66
Carlos;36
José;33
Anderson;26
Pedro;32
Bruno;32
Thiago;32
Gustavo;33
Anne;26
Arthur;6
Sonia;58
Gilvan;66
Carlos;36
José;33
Anderson;26
Pedro;32
Bruno;32
Thiago;32
Gustavo;33
Anne;26
Arthur;6
Sonia;58
Gilvan;66
Carlos;36
José;33
Anderson;26
Pedro;32
Bruno;32
Thiago;32
Gustavo;33
Anne;26
Arthur;6
Sonia;58
Gilvan;66
Carlos;36
José;33
Anderson;26
Pedro;32
Bruno;32
Thiago;32
Gustavo;33
Anne;26
Arthur;6
Sonia;58
Gilvan;66
Carlos;36
José;33
Anderson;26
Pedro;32
Bruno;32
Thiago;32
Gustavo;33
Anne;26
Arthur;6
Sonia;58
Gilvan;66
Carlos;36
José;33
Anderson;26
Pedro;32
Bruno;32
Thiago;32
Gustavo;33
Anne;26
Arthur;6
Sonia;58
Gilvan;66
Carlos;36
José;33
Anderson;26
Pedro;32
Bruno;32
Thiago;32
Gustavo;33
Anne;26
Arthur;6
Sonia;58
Gilvan;66
Carlos;36
José;33
Anderson;26
Pedro;32
Bruno;32
Thiago;32
Gustavo;33
Anne;26
Arthur;6
Sonia;58
Gilvan;66
Carlos;36
José;33
Anderson;26
Pedro;32
Bruno;32
Thiago;32
Gustavo;33
Anne;26
Arthur;6
Sonia;58
Gilvan;66
Carlos;36
José;33
Anderson;26
Pedro;32
Bruno;32
Thiago;32
Gustavo;33
Anne;26
Arthur;6
Sonia;58
Gilvan;66
Carlos;36
José;33
Anderson;26
Pedro;32
Bruno;32
Thiago;32
Gustavo;33
Anne;26
Arthur;6
Sonia;58
Gilvan;66
Carlos;36
José;33
Anderson;26
Pedro;32
Bruno;32
Thiago;32
Gustavo;33
Anne;26
Arthur;6
Sonia;58
Gilvan;66
Carlos;36
José;33
Anderson;26
Pedro;32
Bruno;32
Thiago;32
Gustavo;33
Anne;26
Arthur;6
Sonia;58
Gilvan;66
Carlos;36
José;33
Anderson;26
Pedro;32
Bruno;32
Thiago;32
Gustavo;33
Anne;26
Arthur;6
Sonia;58
Gilvan;66
Carlos;36
José;33
Anderson;26
Pedro;32
Bruno;32
Thiago;32
Gustavo;33
Anne;26
Arthur;6
Sonia;58
Gilvan;66
Carlos;36
José;33
Anderson;26
Pedro;32
Bruno;32
Thiago;32
Gustavo;33
Anne;26
Arthur;6
Sonia;58
Gilvan;66
Carlos;36
José;33
Anderson;26
Pedro;32
Bruno;32
Thiago;32
Gustavo;33
Anne;26
Arthur;6
Sonia;58
Gilvan;66
Carlos;36
José;33
Anderson;26
Pedro;32
Bruno;32
Thiago;32
Gustavo;33
Anne;26
Arthur;6
Sonia;58
Gilvan;66
Carlos;36
José;33
Anderson;26
Pedro;32
Bruno;32
Thiago;32
Gustavo;33
Anne;26
Arthur;6
Sonia;58
Gilvan;66
Carlos;36
José;33
Anderson;26
Pedro;32
Bruno;32
Thiago;32
Gustavo;33
Anne;26
Arthur;6
Sonia;58
Gilvan;66
Carlos;36
José;33
Anderson;26
Pedro;32
Bruno;32
Thiago;32
Gustavo;33
Anne;26
Arthur;6
Sonia;58
Gilvan;66
Carlos;36
José;33
Anderson;26
Pedro;32
Bruno;32
Thiago;32
Gustavo;33
Anne;26
Arthur;6
Sonia;58
Gilvan;66
Carlos;36
José;33
Anderson;26
Pedro;32
Bruno;32
Thiago;32
Gustavo;33
Anne;26
Arthur;6
Sonia;58
Gilvan;66
Carlos;36
José;33
Anderson;26
Pedro;32
Bruno;32
Thiago;32
Gustavo;33
Anne;26
Arthur;6
Sonia;58
Gilvan;66
Carlos;36
José;33
Anderson;26
Pedro;32
Bruno;32
Thiago;32
Gustavo;33
Anne;26
Arthur;6
Sonia;58
Gilvan;66
Carlos;36
José;33
Anderson;26
Pedro;32
Bruno;32
Thiago;32
Gustavo;33
Anne;26
Arthur;6
Sonia;58
Gilvan;66
Carlos;36
José;33
Anderson;26
Pedro;32
Bruno;32
Thiago;32
Gustavo;33
Anne;26
Arthur;6
Sonia;58
Gilvan;66
Carlos;36
José;33
Anderson;26
Pedro;32
Bruno;32
Thiago;32
Gustavo;33
Anne;26
Arthur;6
Sonia;58
Gilvan;66
Carlos;36
José;33
Anderson;26
Pedro;32
Bruno;32
Thiago;32
Gustavo;33
Anne;26
Arthur;6
Sonia;58
Gilvan;66
Carlos;36
José;33
Anderson;26
Pedro;32
Bruno;32
Thiago;32
Gustavo;33
Anne;26
Arthur;6
Sonia;58
Gilvan;66
Carlos;36
José;33
Anderson;26
Pedro;32
Bruno;32
Thiago;32
Gustavo;33
Anne;26
Arthur;6
Sonia;58
Gilvan;66
Carlos;36
José;33
Anderson;26
Pedro;32
Bruno;32
Thiago;32
Gustavo;33
Anne;26
Arthur;6
Sonia;58
Gilvan;66
Carlos;36
José;33
Anderson;26
Pedro;32
Bruno;32
Thiago;32
Gustavo;33
Anne;26
Arthur;6
Sonia;58
Gilvan;66
Carlos;36
José;33
Anderson;26
Pedro;32
Bruno;32
Thiago;32
Gustavo;33
Anne;26
Arthur;6
Sonia;58
Gilvan;66
Carlos;36
José;33
Anderson;26
Pedro;32
Bruno;32
Thiago;32
Gustavo;33
Anne;26
Arthur;6
Sonia;58
Gilvan;66
Carlos;36
José;33
Anderson;26
Pedro;32
Bruno;32
Thiago;32
Gustavo;33
Anne;26
Arthur;6
Sonia;58
Gilvan;66
Carlos;36
José;33
Anderson;26
Pedro;32
Bruno;32
Thiago;32
Gustavo;33
Anne;26
Arthur;6
Sonia;58
Gilvan;66
Carlos;36
José;33
Anderson;26
Pedro;32
Bruno;32
Thiago;32
Gustavo;33
Anne;26
Arthur;6
Sonia;58
Gilvan;66
Carlos;36
José;33
Anderson;26
Pedro;32
Bruno;32
Thiago;32
Gustavo;33
Anne;26
Arthur;6
Sonia;58
Gilvan;66
Carlos;36
José;33
Anderson;26
Pedro;32
Bruno;32
Thiago;32
Gustavo;33
Anne;26
Arthur;6
Sonia;58
Gilvan;66
Carlos;36
José;33
Anderson;26
Pedro;32
Bruno;32
Thiago;32
Gustavo;33
Anne;26
Arthur;6
Sonia;58
Gilvan;66
Carlos;36
José;33
Anderson;26
Pedro;32
Bruno;32
Thiago;32
Gustavo;33
Anne;26
Arthur;6
Sonia;58
Gilvan;66
Carlos;36
José;33
Anderson;26
Pedro;32
Bruno;32
Thiago;32
Gustavo;33
Anne;26
Arthur;6
Sonia;58
Gilvan;66
Carlos;36
José;33
Anderson;26
Pedro;32
Bruno;32
Thiago;32
Gustavo;33
Anne;26
Arthur;6
Sonia;58
Gilvan;66
Carlos;36
José;33
Anderson;26
Pedro;32
Bruno;32
Thiago;32
Gustavo;33
Anne;26
Arthur;6
Sonia;58
Gilvan;66
Carlos;36
José;33
Anderson;26
Pedro;32
Bruno;32
Thiago;32
Gustavo;33
Anne;26
Arthur;6
Sonia;58
Gilvan;66
Carlos;36
José;33
Anderson;26
Pedro;32
Bruno;32
Thiago;32
Gustavo;33
Anne;26
Arthur;6
Sonia;58
Gilvan;66
Carlos;36
José;33
Anderson;26
Pedro;32
Bruno;32
Thiago;32
Gustavo;33
Anne;26
Arthur;6
Sonia;58
Gilvan;66
Carlos;36
José;33
Anderson;26
Pedro;32
Bruno;32
Thiago;32
Gustavo;33
Anne;26
Arthur;6
Sonia;58
Gilvan;66
Carlos;36
José;33
Anderson;26
Pedro;32
Bruno;32
Thiago;32
Gustavo;33
Anne;26
Arthur;6
Sonia;58
Gilvan;66
Carlos;36
José;33
Anderson;26
Pedro;32
Bruno;32
Thiago;32
Gustavo;33
Anne;26
Arthur;6
Sonia;58
Gilvan;66
Carlos;36
José;33
Anderson;26
Pedro;32
Bruno;32
Thiago;32
Gustavo;33
Anne;26
Arthur;6
Sonia;58
Gilvan;66
Carlos;36
José;33
Anderson;26
Pedro;32
Bruno;32
Thiago;32
Gustavo;33
Anne;26
Arthur;6
Sonia;58
Gilvan;66
Carlos;36
José;33
Anderson;26
Pedro;32
Bruno;32
Thiago;32
Gustavo;33
Anne;26
Arthur;6
Sonia;58
Gilvan;66
Carlos;36
José;33
Anderson;26
Pedro;32
Bruno;32
Thiago;32
Gustavo;33
Anne;26
Arthur;6
Sonia;58
Gilvan;66
Carlos;36
José;33
Anderson;26
Pedro;32
Bruno;32
Thiago;32
Gustavo;33
Anne;26
Arthur;6
Sonia;58
Gilvan;66
Carlos;36
José;33
Anderson;26
Pedro;32
Bruno;32
Thiago;32
Gustavo;33
Anne;26
Arthur;6
Sonia;58
Gilvan;66
Carlos;36
José;33
Anderson;26
Pedro;32
Bruno;32
Thiago;32
Gustavo;33
Anne;26
Arthur;6
Sonia;58
Gilvan;66
Carlos;36
José;33
Anderson;26
Pedro;32
Bruno;32
Thiago;32
Gustavo;33
Anne;26
Arthur;6
Sonia;58
Gilvan;66
Carlos;36
José;33
Anderson;26
Pedro;32
Bruno;32
Thiago;32
Gustavo;33
Anne;26
Arthur;6
Sonia;58
Gilvan;66
Carlos;36
José;33
Anderson;26
Pedro;32
Bruno;32
Thiago;32
Gustavo;33
Anne;26
Arthur;6
Sonia;58
Gilvan;66
Carlos;36
José;33
Anderson;26
Pedro;32
Bruno;32
Thiago;32
Gustavo;33
Anne;26
Arthur;6
Sonia;58
Gilvan;66
Carlos;36
José;33
Anderson;26
Pedro;32
Bruno;32
Thiago;32
Gustavo;33
Anne;26
Arthur;6
Sonia;58
Gilvan;66
Carlos;36
José;33
Anderson;26
Pedro;32
Bruno;32
Thiago;32
Gustavo;33
Anne;26
Arthur;6
Sonia;58
Gilvan;66
Carlos;36
José;33
Anderson;26
Pedro;32
Bruno;32
Thiago;32
Gustavo;33
Anne;26
Arthur;6
Sonia;58
Gilvan;66
Carlos;36
José;33
Anderson;26
Pedro;32
Bruno;32
Thiago;32
Gustavo;33
Anne;26
Arthur;6
Sonia;58
Gilvan;66
Carlos;36
José;33
Anderson;26
Pedro;32
Bruno;32
Thiago;32
Gustavo;33
Anne;26
Arthur;6
Sonia;58
Gilvan;66
Carlos;36
José;33
Anderson;26
Pedro;32
Bruno;32
Thiago;32
Gustavo;33
Anne;26
Arthur;6
Sonia;58
Gilvan;66
Carlos;36
José;33
Anderson;26
Pedro;32
Bruno;32
Thiago;32
Gustavo;33
Anne;26
Arthur;6
Sonia;58
Gilvan;66
Carlos;36
José;33
Anderson;26
Pedro;32
Bruno;32
Thiago;32
Gustavo;33
Anne;26
Arthur;6
Sonia;58
Gilvan;66
Carlos;36
José;33
Anderson;26
Pedro;32
Bruno;32
Thiago;32
Gustavo;33
Anne;26
Arthur;6
Sonia;58
Gilvan;66
Carlos;36
José;33
Anderson;26
Pedro;32
Bruno;32
Thiago;32
Gustavo;33
Anne;26
Arthur;6
Sonia;58
Gilvan;66
Carlos;36
José;33
Anderson;26
Pedro;32
Bruno;32
Thiago;32
Gustavo;33
Anne;26
Arthur;6
Sonia;58
Gilvan;66
Carlos;36
José;33
Anderson;26
Pedro;32
Bruno;32
Thiago;32
Gustavo;33
Anne;26
Arthur;6
Sonia;58
Gilvan;66
Carlos;36
José;33
Anderson;26
Pedro;32
Bruno;32
Thiago;32
Gustavo;33
Anne;26
Arthur;6
Sonia;58
Gilvan;66
Carlos;36
José;33
Anderson;26
Pedro;32
Bruno;32
Thiago;32
Gustavo;33
Anne;26
Arthur;6
Sonia;58
Gilvan;66
Carlos;36
José;33
Anderson;26
Pedro;32
Bruno;32
Thiago;32
Gustavo;33
Anne;26
Arthur;6
Sonia;58
Gilvan;66
Carlos;36
José;33
Anderson;26
Pedro;32
Bruno;32
Thiago;32
Sonia;58
Gilvan;66
Carlos;36
José;33
Anderson;26
Pedro;32
Bruno;32
Thiago;32
Anderson;26
Gustavo;33
